First Name,Frequency
Mary,0.02629
Patricia,0.01073
Linda,0.01035
Barbara,0.0098
Elizabeth,0.00937
Jennifer,0.00932
Maria,0.00828
Susan,0.00794
Margaret,0.00768
Dorothy,0.00727
Lisa,0.00704
Nancy,0.00669
Karen,0.00667
Betty,0.00666
Helen,0.00663
Sandra,0.00629
Donna,0.00583
Carol,0.00565
Ruth,0.00562
Sharon,0.00522
Michelle,0.00519
Laura,0.0051
Sarah,0.00508
Kimberly,0.00504
Deborah,0.00494
Jessica,0.0049
Shirley,0.00482
Cynthia,0.00469
Angela,0.00468
Melissa,0.00462
Brenda,0.00455
Amy,0.00451
Anna,0.0044
Rebecca,0.0043
Virginia,0.0043
Kathleen,0.00424
Pamela,0.00416
Martha,0.00412
Debra,0.00408
Amanda,0.00404
Stephanie,0.004
Carolyn,0.00385
Christine,0.00382
Marie,0.00379
Janet,0.00379
Catherine,0.00373
Frances,0.0037
Ann,0.00364
Joyce,0.00364
Diane,0.00359
Alice,0.00357
Julie,0.00348
Heather,0.00337
Teresa,0.00336
Doris,0.00335
Gloria,0.00335
Evelyn,0.00322
Jean,0.00315
Cheryl,0.00315
Mildred,0.00313
Katherine,0.00313
Joan,0.00306
Ashley,0.00303
Judith,0.00297
Rose,0.00296
Janice,0.00285
Kelly,0.00283
Nicole,0.00281
Judy,0.00276
Christina,0.00275
Kathy,0.00272
Theresa,0.00271
Beverly,0.00267
Denise,0.00264
Tammy,0.00259
Irene,0.00252
Jane,0.0025
Lori,0.00248
Rachel,0.00242
Marilyn,0.00241
Andrea,0.00236
Kathryn,0.00234
Louise,0.00229
Sara,0.00229
Anne,0.00228
Jacqueline,0.00228
Wanda,0.00226
Bonnie,0.00223
Julia,0.00223
Ruby,0.00221
Lois,0.0022
Tina,0.0022
Phyllis,0.00219
Norma,0.00218
Paula,0.00217
Diana,0.00216
Annie,0.00216
Lillian,0.00211
Emily,0.00208
Robin,0.00208
Peggy,0.00208
Crystal,0.00207
Gladys,0.00205
Rita,0.00204
Dawn,0.00202
Connie,0.002
Florence,0.002
Tracy,0.00197
Edna,0.00197
Tiffany,0.00195
Carmen,0.00195
Rosa,0.00194
Cindy,0.00192
Grace,0.00189
Wendy,0.00185
Victoria,0.0018
Edith,0.00179
Kim,0.00178
Sherry,0.00178
Sylvia,0.00177
Josephine,0.00177
Thelma,0.00175
Shannon,0.00175
Sheila,0.00175
Ethel,0.00174
Ellen,0.00173
Elaine,0.00173
Marjorie,0.00173
Carrie,0.00171
Charlotte,0.00169
Monica,0.00166
Esther,0.00166
Pauline,0.00165
Emma,0.00165
Juanita,0.00164
Anita,0.00162
Rhonda,0.00162
Hazel,0.00161
Amber,0.0016
Eva,0.00159
Debbie,0.00157
April,0.00154
Leslie,0.00154
Clara,0.00153
Lucille,0.00153
Jamie,0.00153
Joanne,0.0015
Eleanor,0.0015
Valerie,0.00149
Danielle,0.00149
Megan,0.00147
Alicia,0.00146
Suzanne,0.00145
Michele,0.00145
Gail,0.00145
Bertha,0.00143
Darlene,0.00142
Veronica,0.00142
Jill,0.00142
Erin,0.00141
Geraldine,0.00141
Lauren,0.00137
Cathy,0.00137
Joann,0.00136
Lorraine,0.00135
Lynn,0.00135
Sally,0.00135
Regina,0.00133
Erica,0.0013
Beatrice,0.0013
Dolores,0.00129
Bernice,0.00128
Audrey,0.00127
Yvonne,0.00126
Annette,0.00125
June,0.00125
Samantha,0.00124
Marion,0.00122
Dana,0.00122
Stacy,0.00121
Ana,0.0012
Renee,0.0012
Ida,0.00118
Vivian,0.00118
Roberta,0.00117
Holly,0.00117
Brittany,0.00117
Melanie,0.00116
Loretta,0.00115
Yolanda,0.00115
Jeanette,0.00115
Laurie,0.00114
Katie,0.00113
Kristen,0.00111
Vanessa,0.00111
Alma,0.00111
Sue,0.00111
Elsie,0.0011
Beth,0.0011
Jeanne,0.00109
Vicki,0.00109
Carla,0.00107
Tara,0.00107
Rosemary,0.00107
Eileen,0.00105
Terri,0.00105
Gertrude,0.00103
Lucy,0.00103
Tonya,0.00102
Ella,0.00101
Stacey,0.00101
Wilma,0.00099
Gina,0.00099
Kristin,0.00099
Jessie,0.00098
Natalie,0.00098
Agnes,0.00098
Vera,0.00098
Willie,0.00097
Charlene,0.00097
Bessie,0.00096
Delores,0.00095
Melinda,0.00094
Pearl,0.00094
Arlene,0.00094
Maureen,0.00092
Colleen,0.00092
Allison,0.00092
Tamara,0.00092
Joy,0.00091
Georgia,0.00091
Constance,0.00091
Lillie,0.0009
Claudia,0.0009
Jackie,0.0009
Marcia,0.0009
Tanya,0.00089
Nellie,0.00089
Minnie,0.00089
Marlene,0.00088
Heidi,0.00088
Glenda,0.00088
Lydia,0.00086
Viola,0.00086
Courtney,0.00086
Marian,0.00086
Stella,0.00085
Caroline,0.00085
Dora,0.00084
Jo,0.00083
Vickie,0.00082
Mattie,0.00081
Terry,0.0008
Maxine,0.00079
Irma,0.00079
Mabel,0.00078
Marsha,0.00078
Myrtle,0.00078
Lena,0.00077
Christy,0.00077
Deanna,0.00076
Patsy,0.00076
Hilda,0.00075
Gwendolyn,0.00074
Jennie,0.00073
Nora,0.00073
Margie,0.00072
Nina,0.00072
Cassandra,0.00072
Leah,0.00072
Penny,0.00071
Kay,0.00071
Priscilla,0.00071
Naomi,0.00071
Carole,0.00071
Brandy,0.0007
Olga,0.0007
Billie,0.00069
Dianne,0.00069
Tracey,0.00069
Leona,0.00069
Jenny,0.00068
Felicia,0.00068
Sonia,0.00068
Miriam,0.00066
Velma,0.00066
Becky,0.00066
Bobbie,0.00065
Violet,0.00065
Kristina,0.00065
Toni,0.00064
Misty,0.00063
Mae,0.00063
Shelly,0.00062
Daisy,0.00062
Ramona,0.00062
Sherri,0.00062
Erika,0.00061
Katrina,0.00061
Claire,0.00061
Lindsey,0.0006
Lindsay,0.0006
Geneva,0.00059
Guadalupe,0.00059
Belinda,0.00059
Margarita,0.00059
Sheryl,0.00059
Cora,0.00058
Faye,0.00058
Ada,0.00057
Natasha,0.00057
Sabrina,0.00057
Isabel,0.00057
Marguerite,0.00056
Hattie,0.00056
Harriet,0.00056
Molly,0.00055
Cecilia,0.00055
Kristi,0.00055
Brandi,0.00055
Blanche,0.00055
Sandy,0.00055
Rosie,0.00055
Joanna,0.00055
Iris,0.00055
Eunice,0.00054
Angie,0.00054
Inez,0.00053
Lynda,0.00053
Madeline,0.00052
Amelia,0.00052
Alberta,0.00052
Genevieve,0.00051
Monique,0.00051
Jodi,0.00051
Janie,0.00051
Maggie,0.00051
Kayla,0.00051
Sonya,0.00051
Jan,0.00051
Lee,0.00051
Kristine,0.00051
Candace,0.00051
Fannie,0.0005
Maryann,0.0005
Opal,0.0005
Alison,0.0005
Yvette,0.0005
Melody,0.0005
Luz,0.00049
Susie,0.00049
Olivia,0.00049
Flora,0.00049
Shelley,0.00049
Kristy,0.00048
Mamie,0.00048
Lula,0.00048
Lola,0.00048
Verna,0.00048
Beulah,0.00048
Antoinette,0.00048
Candice,0.00046
Juana,0.00046
Jeannette,0.00046
Pam,0.00046
Kelli,0.00046
Hannah,0.00045
Whitney,0.00045
Bridget,0.00045
Karla,0.00044
Celia,0.00044
Latoya,0.00043
Patty,0.00043
Shelia,0.00043
Gayle,0.00043
Della,0.00043
Vicky,0.00043
Lynne,0.00043
Sheri,0.00042
Marianne,0.00042
Kara,0.00041
Jacquelyn,0.00041
Erma,0.00041
Blanca,0.00041
Myra,0.0004
Leticia,0.0004
Pat,0.0004
Krista,0.0004
Roxanne,0.0004
Angelica,0.00039
Johnnie,0.00039
Robyn,0.00039
Francis,0.00039
Adrienne,0.00039
Rosalie,0.00039
Alexandra,0.00039
Brooke,0.00039
Bethany,0.00039
Sadie,0.00039
Bernadette,0.00039
Traci,0.00038
Jody,0.00038
Kendra,0.00038
Jasmine,0.00038
Nichole,0.00038
Rachael,0.00038
Chelsea,0.00038
Mable,0.00038
Ernestine,0.00038
Muriel,0.00038
Marcella,0.00037
Elena,0.00037
Krystal,0.00037
Angelina,0.00037
Nadine,0.00036
Kari,0.00036
Estelle,0.00036
Dianna,0.00036
Paulette,0.00036
Lora,0.00036
Mona,0.00035
Doreen,0.00035
Rosemarie,0.00035
Angel,0.00035
Desiree,0.00035
Antonia,0.00035
Hope,0.00034
Ginger,0.00034
Janis,0.00034
Betsy,0.00034
Christie,0.00034
Freda,0.00034
Mercedes,0.00033
Meredith,0.00033
Lynette,0.00033
Teri,0.00033
Cristina,0.00033
Eula,0.00033
Leigh,0.00032
Meghan,0.00032
Sophia,0.00032
Eloise,0.00032
Rochelle,0.00032
Gretchen,0.00032
Cecelia,0.00032
Raquel,0.00031
Henrietta,0.00031
Alyssa,0.00031
Jana,0.00031
Kelley,0.00031
Gwen,0.00031
Kerry,0.00031
Jenna,0.0003
Tricia,0.0003
Laverne,0.0003
Olive,0.0003
Alexis,0.0003
Tasha,0.0003
Silvia,0.00029
Elvira,0.00029
Casey,0.00029
Delia,0.00029
Sophie,0.00029
Kate,0.00029
Patti,0.00029
Lorena,0.00029
Kellie,0.00029
Sonja,0.00029
Lila,0.00029
Lana,0.00029
Darla,0.00029
May,0.00029
Mindy,0.00029
Essie,0.00029
Mandy,0.00029
Lorene,0.00028
Elsa,0.00028
Josefina,0.00028
Jeannie,0.00028
Miranda,0.00028
Dixie,0.00028
Lucia,0.00028
Marta,0.00028
Faith,0.00028
Lela,0.00028
Johanna,0.00028
Shari,0.00028
Camille,0.00028
Tami,0.00027
Shawna,0.00027
Elisa,0.00027
Ebony,0.00027
Melba,0.00027
Ora,0.00027
Nettie,0.00027
Tabitha,0.00027
Ollie,0.00027
Jaime,0.00027
Winifred,0.00027
Kristie,0.00027
Marina,0.00027
Alisha,0.00027
Aimee,0.00027
Rena,0.00027
Myrna,0.00026
Marla,0.00026
Tammie,0.00026
Latasha,0.00026
Bonita,0.00026
Patrice,0.00026
Ronda,0.00026
Sherrie,0.00026
Addie,0.00026
Francine,0.00025
Deloris,0.00025
Stacie,0.00025
Adriana,0.00025
Cheri,0.00025
Shelby,0.00025
Abigail,0.00025
Celeste,0.00025
Jewel,0.00025
Cara,0.00025
Adele,0.00025
Rebekah,0.00025
Lucinda,0.00025
Dorthy,0.00025
Chris,0.00024
Effie,0.00024
Trina,0.00024
Reba,0.00024
Shawn,0.00024
Sallie,0.00024
Aurora,0.00024
Lenora,0.00024
Etta,0.00024
Lottie,0.00024
Kerri,0.00024
Trisha,0.00024
Nikki,0.00024
Estella,0.00024
Francisca,0.00024
Josie,0.00024
Tracie,0.00024
Marissa,0.00024
Karin,0.00024
Brittney,0.00024
Janelle,0.00024
Lourdes,0.00024
Laurel,0.00024
Helene,0.00024
Fern,0.00024
Elva,0.00024
Corinne,0.00024
Kelsey,0.00024
Ina,0.00023
Bettie,0.00023
Elisabeth,0.00023
Aida,0.00023
Caitlin,0.00023
Ingrid,0.00023
Iva,0.00023
Eugenia,0.00023
Christa,0.00023
Goldie,0.00023
Cassie,0.00023
Maude,0.00023
Jenifer,0.00023
Therese,0.00022
Frankie,0.00022
Dena,0.00022
Lorna,0.00022
Janette,0.00022
Latonya,0.00022
Candy,0.00022
Morgan,0.00022
Consuelo,0.00022
Tamika,0.00022
Rosetta,0.00022
Debora,0.00022
Cherie,0.00022
Polly,0.00022
Dina,0.00022
Jewell,0.00021
Fay,0.00021
Jillian,0.00021
Dorothea,0.00021
Nell,0.00021
Trudy,0.00021
Esperanza,0.00021
Patrica,0.00021
Kimberley,0.00021
Shanna,0.00021
Helena,0.00021
Carolina,0.00021
Cleo,0.00021
Stefanie,0.00021
Rosario,0.0002
Ola,0.0002
Janine,0.0002
Mollie,0.0002
Lupe,0.0002
Alisa,0.0002
Lou,0.0002
Maribel,0.0002
Susanne,0.0002
Bette,0.00019
Susana,0.00019
Elise,0.00019
Cecile,0.00019
Isabelle,0.00019
Lesley,0.00019
Jocelyn,0.00019
Paige,0.00019
Joni,0.00019
Rachelle,0.00019
Leola,0.00019
Daphne,0.00019
Alta,0.00019
Ester,0.00019
Petra,0.00019
Graciela,0.00019
Imogene,0.00019
Jolene,0.00019
Keisha,0.00019
Lacey,0.00018
Glenna,0.00018
Gabriela,0.00018
Keri,0.00018
Ursula,0.00018
Lizzie,0.00018
Kirsten,0.00018
Shana,0.00018
Adeline,0.00018
Mayra,0.00018
Jayne,0.00018
Jaclyn,0.00018
Gracie,0.00018
Sondra,0.00018
Carmela,0.00018
Marisa,0.00018
Rosalind,0.00018
Charity,0.00018
Tonia,0.00018
Beatriz,0.00018
Marisol,0.00018
Clarice,0.00018
Jeanine,0.00017
Sheena,0.00017
Angeline,0.00017
Frieda,0.00017
Lily,0.00017
Robbie,0.00017
Shauna,0.00017
Millie,0.00017
Claudette,0.00017
Cathleen,0.00017
Angelia,0.00017
Gabrielle,0.00017
Autumn,0.00017
Katharine,0.00017
Summer,0.00017
Jodie,0.00017
Staci,0.00017
Lea,0.00017
Christi,0.00017
Jimmie,0.00017
Justine,0.00017
Elma,0.00017
Luella,0.00017
Margret,0.00017
Dominique,0.00016
Socorro,0.00016
Rene,0.00016
Martina,0.00016
Margo,0.00016
Mavis,0.00016
Callie,0.00016
Bobbi,0.00016
Maritza,0.00016
Lucile,0.00016
Leanne,0.00016
Jeannine,0.00016
Deana,0.00016
Aileen,0.00016
Lorie,0.00016
Ladonna,0.00016
Willa,0.00016
Manuela,0.00016
Gale,0.00016
Selma,0.00016
Dolly,0.00016
Sybil,0.00016
Abby,0.00016
Lara,0.00016
Dale,0.00016
Ivy,0.00016
Dee,0.00016
Winnie,0.00016
Marcy,0.00016
Luisa,0.00016
Jeri,0.00015
Magdalena,0.00015
Ofelia,0.00015
Meagan,0.00015
Audra,0.00015
Matilda,0.00015
Leila,0.00015
Cornelia,0.00015
Bianca,0.00015
Simone,0.00015
Bettye,0.00015
Randi,0.00015
Virgie,0.00015
Latisha,0.00015
Barbra,0.00015
Georgina,0.00015
Eliza,0.00015
Leann,0.00015
Bridgette,0.00015
Rhoda,0.00014
Haley,0.00014
Adela,0.00014
Nola,0.00014
Bernadine,0.00014
Flossie,0.00014
Ila,0.00014
Greta,0.00014
Ruthie,0.00014
Nelda,0.00014
Minerva,0.00014
Lilly,0.00014
Terrie,0.00014
Letha,0.00014
Hilary,0.00014
Estela,0.00014
Valarie,0.00014
Brianna,0.00014
Rosalyn,0.00014
Earline,0.00014
Catalina,0.00014
Ava,0.00014
Mia,0.00014
Clarissa,0.00014
Lidia,0.00014
Corrine,0.00014
Alexandria,0.00014
Concepcion,0.00014
Tia,0.00014
Sharron,0.00014
Rae,0.00014
Dona,0.00014
Ericka,0.00014
Jami,0.00014
Elnora,0.00014
Chandra,0.00014
Lenore,0.00014
Neva,0.00013
Marylou,0.00013
Melisa,0.00013
Tabatha,0.00013
Serena,0.00013
Avis,0.00013
Allie,0.00013
Sofia,0.00013
Jeanie,0.00013
Odessa,0.00013
Nannie,0.00013
Harriett,0.00013
Loraine,0.00013
Penelope,0.00013
Milagros,0.00013
Emilia,0.00013
Benita,0.00013
Allyson,0.00013
Ashlee,0.00013
Tania,0.00013
Tommie,0.00013
Esmeralda,0.00013
Karina,0.00013
Eve,0.00013
Pearlie,0.00013
Zelma,0.00013
Malinda,0.00013
Noreen,0.00013
Tameka,0.00013
Saundra,0.00013
Hillary,0.00013
Amie,0.00013
Althea,0.00012
Rosalinda,0.00012
Jordan,0.00012
Lilia,0.00012
Alana,0.00012
Gay,0.00012
Clare,0.00012
Alejandra,0.00012
Elinor,0.00012
Michael,0.00012
Lorrie,0.00012
Jerri,0.00012
Darcy,0.00012
Earnestine,0.00012
Carmella,0.00012
Taylor,0.00012
Noemi,0.00012
Marcie,0.00012
Liza,0.00012
Annabelle,0.00012
Louisa,0.00012
Earlene,0.00012
Mallory,0.00012
Carlene,0.00012
Nita,0.00012
Selena,0.00012
Tanisha,0.00012
Katy,0.00012
Julianne,0.00012
John,0.00012
Lakisha,0.00011
Edwina,0.00011
Maricela,0.00011
Margery,0.00011
Kenya,0.00011
Dollie,0.00011
Roxie,0.00011
Roslyn,0.00011
Kathrine,0.00011
Nanette,0.00011
Charmaine,0.00011
Lavonne,0.00011
Ilene,0.00011
Kris,0.00011
Tammi,0.00011
Suzette,0.00011
Corine,0.00011
Kaye,0.00011
Jerry,0.00011
Merle,0.00011
Chrystal,0.00011
Lina,0.00011
Deanne,0.00011
Lilian,0.00011
Juliana,0.00011
Aline,0.00011
Luann,0.00011
Kasey,0.00011
Maryanne,0.00011
Evangeline,0.00011
Colette,0.00011
Melva,0.00011
Lawanda,0.00011
Yesenia,0.00011
Nadia,0.00011
Madge,0.00011
Kathie,0.00011
Eddie,0.00011
Ophelia,0.00011
Valeria,0.00011
Nona,0.00011
Mitzi,0.00011
Mari,0.00011
Georgette,0.00011
Claudine,0.00011
Fran,0.00011
Alissa,0.00011
Roseann,0.0001
Lakeisha,0.0001
Susanna,0.0001
Reva,0.0001
Deidre,0.0001
Chasity,0.0001
Sheree,0.0001
Carly,0.0001
James,0.0001
Elvia,0.0001
Alyce,0.0001
Deirdre,0.0001
Gena,0.0001
Briana,0.0001
Araceli,0.0001
Katelyn,0.0001
Rosanne,0.0001
Wendi,0.0001
Tessa,0.0001
Berta,0.0001
Marva,0.0001
Imelda,0.0001
Marietta,0.0001
Marci,0.0001
Leonor,0.0001
Arline,0.0001
Sasha,0.0001
Madelyn,0.0001
Janna,0.0001
Juliette,0.0001
Deena,0.0001
Aurelia,0.0001
Josefa,0.0001
Augusta,0.0001
Liliana,0.0001
Young,0.0001
Christian,0.0001
Lessie,0.0001
Amalia,0.0001
Savannah,0.0001
Anastasia,0.0001
Vilma,0.0001
Natalia,0.0001
Rosella,0.0001
Lynnette,0.0001
Corina,0.0001
Alfreda,0.00009
Leanna,0.00009
Carey,0.00009
Amparo,0.00009
Coleen,0.00009
Tamra,0.00009
Aisha,0.00009
Wilda,0.00009
Karyn,0.00009
Cherry,0.00009
Queen,0.00009
Maura,0.00009
Mai,0.00009
Evangelina,0.00009
Rosanna,0.00009
Hallie,0.00009
Erna,0.00009
Enid,0.00009
Mariana,0.00009
Lacy,0.00009
Juliet,0.00009
Jacklyn,0.00009
Freida,0.00009
Madeleine,0.00009
Mara,0.00009
Hester,0.00009
Cathryn,0.00009
Lelia,0.00009
Casandra,0.00009
Bridgett,0.00009
Angelita,0.00009
Jannie,0.00009
Dionne,0.00009
Annmarie,0.00009
Katina,0.00009
Beryl,0.00009
Phoebe,0.00009
Millicent,0.00009
Katheryn,0.00009
Diann,0.00009
Carissa,0.00009
Maryellen,0.00009
Liz,0.00009
Lauri,0.00009
Helga,0.00009
Gilda,0.00009
Adrian,0.00009
Rhea,0.00009
Marquita,0.00009
Hollie,0.00009
Tisha,0.00009
Tamera,0.00009
Angelique,0.00009
Francesca,0.00009
Britney,0.00009
Kaitlin,0.00009
Lolita,0.00009
Florine,0.00009
Rowena,0.00009
Reyna,0.00009
Twila,0.00009
Fanny,0.00009
Janell,0.00009
Ines,0.00009
Concetta,0.00009
Bertie,0.00009
Alba,0.00009
Brigitte,0.00009
Alyson,0.00009
Vonda,0.00008
Pansy,0.00008
Elba,0.00008
Noelle,0.00008
Letitia,0.00008
Kitty,0.00008
Deann,0.00008
Brandie,0.00008
Louella,0.00008
Leta,0.00008
Felecia,0.00008
Sharlene,0.00008
Lesa,0.00008
Beverley,0.00008
Robert,0.00008
Isabella,0.00008
Herminia,0.00008
Terra,0.00008
Celina,0.00008
Tori,0.00008
Octavia,0.00008
Jade,0.00008
Denice,0.00008
Germaine,0.00008
Sierra,0.00008
Michell,0.00008
Cortney,0.00008
Nelly,0.00008
Doretha,0.00008
Sydney,0.00008
Deidra,0.00008
Monika,0.00008
Lashonda,0.00008
Judi,0.00008
Chelsey,0.00008
Antionette,0.00008
Margot,0.00008
Bobby,0.00008
Adelaide,0.00008
Nan,0.00008
Leeann,0.00008
Elisha,0.00008
Dessie,0.00008
Libby,0.00008
Kathi,0.00008
Gayla,0.00008
Latanya,0.00008
Mina,0.00008
Mellisa,0.00008
Kimberlee,0.00008
Jasmin,0.00008
Renae,0.00008
Zelda,0.00008
Elda,0.00008
Ma,0.00008
Justina,0.00008
Gussie,0.00008
Emilie,0.00008
Camilla,0.00008
Abbie,0.00008
Rocio,0.00008
Kaitlyn,0.00008
Jesse,0.00008
Edythe,0.00008
Ashleigh,0.00008
Selina,0.00008
Lakesha,0.00008
Geri,0.00008
Allene,0.00008
Pamala,0.00008
Michaela,0.00008
Dayna,0.00008
Caryn,0.00008
Rosalia,0.00008
Sun,0.00007
Jacquline,0.00007
Rebeca,0.00007
Marybeth,0.00007
Krystle,0.00007
Iola,0.00007
Dottie,0.00007
Bennie,0.00007
Belle,0.00007
Aubrey,0.00007
Griselda,0.00007
Ernestina,0.00007
Elida,0.00007
Adrianne,0.00007
Demetria,0.00007
Delma,0.00007
Chong,0.00007
Jaqueline,0.00007
Destiny,0.00007
Arleen,0.00007
Virgina,0.00007
Retha,0.00007
Fatima,0.00007
Tillie,0.00007
Eleanore,0.00007
Cari,0.00007
Treva,0.00007
Birdie,0.00007
Wilhelmina,0.00007
Rosalee,0.00007
Maurine,0.00007
Latrice,0.00007
Yong,0.00007
Jena,0.00007
Taryn,0.00007
Elia,0.00007
Debby,0.00007
Maudie,0.00007
Jeanna,0.00007
Delilah,0.00007
Catrina,0.00007
Shonda,0.00007
Hortencia,0.00007
Theodora,0.00007
Teresita,0.00007
Robbin,0.00007
Danette,0.00007
Maryjane,0.00007
Freddie,0.00007
Delphine,0.00007
Brianne,0.00007
Nilda,0.00007
Danna,0.00007
Cindi,0.00007
Bess,0.00007
Iona,0.00007
Hanna,0.00007
Ariel,0.00007
Winona,0.00007
Vida,0.00007
Rosita,0.00007
Marianna,0.00007
William,0.00007
Racheal,0.00007
Guillermina,0.00007
Eloisa,0.00007
Celestine,0.00007
Caren,0.00007
Malissa,0.00007
Lona,0.00007
Chantel,0.00007
Shellie,0.00007
Marisela,0.00007
Leora,0.00007
Agatha,0.00007
Soledad,0.00007
Migdalia,0.00007
Ivette,0.00007
Christen,0.00007
Athena,0.00007
Janel,0.00007
Chloe,0.00007
Veda,0.00007
Pattie,0.00007
Tessie,0.00007
Tera,0.00007
Marilynn,0.00007
Lucretia,0.00007
Karrie,0.00007
Dinah,0.00007
Daniela,0.00007
Alecia,0.00007
Adelina,0.00007
Vernice,0.00007
Shiela,0.00007
Portia,0.00007
Merry,0.00007
Lashawn,0.00007
Devon,0.00007
Dara,0.00007
Tawana,0.00007
Oma,0.00007
Verda,0.00007
Christin,0.00007
Alene,0.00007
Zella,0.00006
Sandi,0.00006
Rafaela,0.00006
Maya,0.00006
Kira,0.00006
Candida,0.00006
Alvina,0.00006
Suzan,0.00006
Shayla,0.00006
Lyn,0.00006
Lettie,0.00006
Alva,0.00006
Samatha,0.00006
Oralia,0.00006
Matilde,0.00006
Madonna,0.00006
Larissa,0.00006
Vesta,0.00006
Renita,0.00006
India,0.00006
Delois,0.00006
Shanda,0.00006
Phillis,0.00006
Lorri,0.00006
Erlinda,0.00006
Cruz,0.00006
Cathrine,0.00006
Barb,0.00006
Zoe,0.00006
Isabell,0.00006
Ione,0.00006
Gisela,0.00006
Charlie,0.00006
Valencia,0.00006
Roxanna,0.00006
Mayme,0.00006
Kisha,0.00006
Ellie,0.00006
Mellissa,0.00006
Dorris,0.00006
Dalia,0.00006
Bella,0.00006
Annetta,0.00006
Zoila,0.00006
Reta,0.00006
Reina,0.00006
Lauretta,0.00006
Kylie,0.00006
Christal,0.00006
Pilar,0.00006
Charla,0.00006
Elissa,0.00006
Tiffani,0.00006
Tana,0.00006
Paulina,0.00006
Leota,0.00006
Breanna,0.00006
Jayme,0.00006
Carmel,0.00006
Vernell,0.00006
Tomasa,0.00006
Mandi,0.00006
Dominga,0.00006
Santa,0.00006
Melodie,0.00006
Lura,0.00006
Alexa,0.00006
Tamela,0.00006
Ryan,0.00006
Mirna,0.00006
Kerrie,0.00006
Venus,0.00006
Noel,0.00006
Felicita,0.00006
Cristy,0.00006
Carmelita,0.00006
Berniece,0.00006
Annemarie,0.00006
Tiara,0.00006
Roseanne,0.00006
Missy,0.00006
Cori,0.00006
Roxana,0.00006
Pricilla,0.00006
Kristal,0.00006
Jung,0.00006
Elyse,0.00006
Haydee,0.00006
Aletha,0.00006
Bettina,0.00006
Marge,0.00006
Gillian,0.00006
Filomena,0.00006
Charles,0.00006
Zenaida,0.00006
Harriette,0.00006
Caridad,0.00006
Vada,0.00006
Una,0.00006
Aretha,0.00006
Pearline,0.00006
Marjory,0.00006
Marcela,0.00006
Flor,0.00006
Evette,0.00006
Elouise,0.00006
Alina,0.00006
Trinidad,0.00006
David,0.00006
Damaris,0.00006
Catharine,0.00006
Carroll,0.00006
Belva,0.00006
Nakia,0.00005
Marlena,0.00005
Luanne,0.00005
Lorine,0.00005
Karon,0.00005
Dorene,0.00005
Danita,0.00005
Brenna,0.00005
Tatiana,0.00005
Sammie,0.00005
Louann,0.00005
Loren,0.00005
Julianna,0.00005
Andria,0.00005
Philomena,0.00005
Lucila,0.00005
Leonora,0.00005
Dovie,0.00005
Romona,0.00005
Mimi,0.00005
Jacquelin,0.00005
Gaye,0.00005
Tonja,0.00005
Misti,0.00005
Joe,0.00005
Gene,0.00005
Chastity,0.00005
Stacia,0.00005
Roxann,0.00005
Micaela,0.00005
Nikita,0.00005
Mei,0.00005
Velda,0.00005
Marlys,0.00005
Johnna,0.00005
Aura,0.00005
Lavern,0.00005
Ivonne,0.00005
Hayley,0.00005
Nicki,0.00005
Majorie,0.00005
Herlinda,0.00005
George,0.00005
Alpha,0.00005
Yadira,0.00005
Perla,0.00005
Gregoria,0.00005
Daniel,0.00005
Antonette,0.00005
Shelli,0.00005
Mozelle,0.00005
Mariah,0.00005
Joelle,0.00005
Cordelia,0.00005
Josette,0.00005
Chiquita,0.00005
Trista,0.00005
Louis,0.00005
Laquita,0.00005
Georgiana,0.00005
Candi,0.00005
Shanon,0.00005
Lonnie,0.00005
Hildegard,0.00005
Cecil,0.00005
Valentina,0.00005
Stephany,0.00005
Magda,0.00005
Karol,0.00005
Gerry,0.00005
Gabriella,0.00005
Tiana,0.00005
Roma,0.00005
Richelle,0.00005
Ray,0.00005
Princess,0.00005
Oleta,0.00005
Jacque,0.00005
Idella,0.00005
Alaina,0.00005
Suzanna,0.00005
Jovita,0.00005
Blair,0.00005
Tosha,0.00005
Raven,0.00005
Nereida,0.00005
Marlyn,0.00005
Kyla,0.00005
Joseph,0.00005
Delfina,0.00005
Tena,0.00005
Stephenie,0.00005
Sabina,0.00005
Nathalie,0.00005
Marcelle,0.00005
Gertie,0.00005
Darleen,0.00005
Thea,0.00005
Sharonda,0.00005
Shantel,0.00005
Belen,0.00005
Venessa,0.00005
Rosalina,0.00005
Ona,0.00005
Genoveva,0.00005
Corey,0.00005
Clementine,0.00005
Rosalba,0.00005
Renate,0.00005
Renata,0.00005
Mi,0.00005
Ivory,0.00005
Georgianna,0.00005
Floy,0.00005
Dorcas,0.00005
Ariana,0.00005
Tyra,0.00005
Theda,0.00005
Mariam,0.00005
Juli,0.00005
Jesica,0.00005
Donnie,0.00005
Vikki,0.00005
Verla,0.00005
Roselyn,0.00005
Melvina,0.00005
Jannette,0.00005
Ginny,0.00005
Debrah,0.00005
Corrie,0.00005
Asia,0.00005
Violeta,0.00005
Myrtis,0.00005
Latricia,0.00005
Collette,0.00005
Charleen,0.00005
Anissa,0.00005
Viviana,0.00005
Twyla,0.00005
Precious,0.00005
Nedra,0.00005
Latonia,0.00005
Lan,0.00005
Hellen,0.00005
Fabiola,0.00005
Annamarie,0.00005
Adell,0.00005
Sharyn,0.00005
Chantal,0.00005
Niki,0.00005
Maud,0.00005
Lizette,0.00005
Lindy,0.00005
Kia,0.00005
Kesha,0.00005
Jeana,0.00005
Danelle,0.00005
Charline,0.00005
Chanel,0.00005
Carrol,0.00005
Valorie,0.00005
Lia,0.00005
Dortha,0.00005
Cristal,0.00005
Sunny,0.00005
Leone,0.00005
Leilani,0.00005
Gerri,0.00005
Debi,0.00005
Andra,0.00005
Keshia,0.00005
Ima,0.00005
Eulalia,0.00005
Easter,0.00005
Dulce,0.00005
Natividad,0.00004
Linnie,0.00004
Kami,0.00004
Georgie,0.00004
Catina,0.00004
Brook,0.00004
Alda,0.00004
Winnifred,0.00004
Sharla,0.00004
Ruthann,0.00004
Meaghan,0.00004
Magdalene,0.00004
Lissette,0.00004
Adelaida,0.00004
Venita,0.00004
Trena,0.00004
Shirlene,0.00004
Shameka,0.00004
Elizebeth,0.00004
Dian,0.00004
Shanta,0.00004
Mickey,0.00004
Latosha,0.00004
Carlotta,0.00004
Windy,0.00004
Soon,0.00004
Rosina,0.00004
Mariann,0.00004
Leisa,0.00004
Jonnie,0.00004
Dawna,0.00004
Cathie,0.00004
Billy,0.00004
Astrid,0.00004
Sidney,0.00004
Laureen,0.00004
Janeen,0.00004
Holli,0.00004
Fawn,0.00004
Vickey,0.00004
Teressa,0.00004
Shante,0.00004
Rubye,0.00004
Marcelina,0.00004
Chanda,0.00004
Cary,0.00004
Terese,0.00004
Scarlett,0.00004
Marty,0.00004
Marnie,0.00004
Lulu,0.00004
Lisette,0.00004
Jeniffer,0.00004
Elenor,0.00004
Dorinda,0.00004
Donita,0.00004
Carman,0.00004
Bernita,0.00004
Altagracia,0.00004
Aleta,0.00004
Adrianna,0.00004
Zoraida,0.00004
Ronnie,0.00004
Nicola,0.00004
Lyndsey,0.00004
Kendall,0.00004
Janina,0.00004
Chrissy,0.00004
Ami,0.00004
Starla,0.00004
Phylis,0.00004
Phuong,0.00004
Kyra,0.00004
Charisse,0.00004
Blanch,0.00004
Sanjuanita,0.00004
Rona,0.00004
Nanci,0.00004
Marilee,0.00004
Maranda,0.00004
Cory,0.00004
Brigette,0.00004
Sanjuana,0.00004
Marita,0.00004
Kassandra,0.00004
Joycelyn,0.00004
Ira,0.00004
Felipa,0.00004
Chelsie,0.00004
Bonny,0.00004
Mireya,0.00004
Lorenza,0.00004
Kyong,0.00004
Ileana,0.00004
Candelaria,0.00004
Tony,0.00004
Toby,0.00004
Sherie,0.00004
Ok,0.00004
Mark,0.00004
Lucie,0.00004
Leatrice,0.00004
Lakeshia,0.00004
Gerda,0.00004
Edie,0.00004
Bambi,0.00004
Marylin,0.00004
Lavon,0.00004
Hortense,0.00004
Garnet,0.00004
Evie,0.00004
Tressa,0.00004
Shayna,0.00004
Lavina,0.00004
Kyung,0.00004
Jeanetta,0.00004
Sherrill,0.00004
Shara,0.00004
Phyliss,0.00004
Mittie,0.00004
Anabel,0.00004
Alesia,0.00004
Thuy,0.00004
Tawanda,0.00004
Richard,0.00004
Joanie,0.00004
Tiffanie,0.00004
Lashanda,0.00004
Karissa,0.00004
Enriqueta,0.00004
Daria,0.00004
Daniella,0.00004
Corinna,0.00004
Alanna,0.00004
Abbey,0.00004
Roxane,0.00004
Roseanna,0.00004
Magnolia,0.00004
Lida,0.00004
Kyle,0.00004
Joellen,0.00004
Era,0.00004
Coral,0.00004
Carleen,0.00004
Tresa,0.00004
Peggie,0.00004
Novella,0.00004
Nila,0.00004
Maybelle,0.00004
Jenelle,0.00004
Carina,0.00004
Nova,0.00004
Melina,0.00004
Marquerite,0.00004
Margarette,0.00004
Josephina,0.00004
Evonne,0.00004
Devin,0.00004
Cinthia,0.00004
Albina,0.00004
Toya,0.00004
Tawnya,0.00004
Sherita,0.00004
Santos,0.00004
Myriam,0.00004
Lizabeth,0.00004
Lise,0.00004
Keely,0.00004
Jenni,0.00004
Giselle,0.00004
Cheryle,0.00004
Ardith,0.00004
Ardis,0.00004
Alesha,0.00004
Adriane,0.00004
Shaina,0.00004
Linnea,0.00004
Karolyn,0.00004
Hong,0.00004
Florida,0.00004
Felisha,0.00004
Dori,0.00004
Darci,0.00004
Artie,0.00004
Armida,0.00004
Zola,0.00004
Xiomara,0.00004
Vergie,0.00004
Shamika,0.00004
Nena,0.00004
Nannette,0.00004
Maxie,0.00004
Lovie,0.00004
Jeane,0.00004
Jaimie,0.00004
Inge,0.00004
Farrah,0.00004
Elaina,0.00004
Caitlyn,0.00004
Starr,0.00004
Felicitas,0.00004
Cherly,0.00004
Caryl,0.00004
Yolonda,0.00004
Yasmin,0.00004
Teena,0.00004
Prudence,0.00004
Pennie,0.00004
Nydia,0.00004
Mackenzie,0.00004
Orpha,0.00004
Marvel,0.00004
Lizbeth,0.00004
Laurette,0.00004
Jerrie,0.00004
Hermelinda,0.00004
Carolee,0.00004
Tierra,0.00004
Mirian,0.00004
Meta,0.00004
Melony,0.00004
Kori,0.00004
Jennette,0.00004
Jamila,0.00004
Ena,0.00004
Anh,0.00004
Yoshiko,0.00004
Susannah,0.00004
Salina,0.00004
Rhiannon,0.00004
Joleen,0.00004
Cristine,0.00004
Ashton,0.00004
Aracely,0.00004
Tomeka,0.00004
Shalonda,0.00004
Marti,0.00004
Lacie,0.00004
Kala,0.00004
Jada,0.00004
Ilse,0.00004
Hailey,0.00004
Brittani,0.00004
